style	name	size	scale	checksum	url
1	VECTOR_STANDARD	2	0	CHECKSUM_TYPE_NONE	https://gspe19-ssl.ls.apple.com/tile.vf?flags=40
7	RASTER_SATELLITE	2	1	CHECKSUM_TYPE_NONE	https://gspe11-ssl.ls.apple.com/tile
7	RASTER_SATELLITE	2	2	CHECKSUM_TYPE_NONE	https://gspe11-ssl.ls.apple.com/tile
11	VECTOR_BUILDINGS	2	0	CHECKSUM_TYPE_NONE	https://gspe19-ssl.ls.apple.com/tile.vf?flags=1
12	VECTOR_TRAFFIC	2	0	CHECKSUM_TYPE_NONE	https://gspe12-ssl.ls.apple.com/traffic
13	VECTOR_POI	2	0	CHECKSUM_TYPE_NONE	https://gspe19-ssl.ls.apple.com/tile.vf?flags=34
14	SPUTNIK_METADATA	2	0	CHECKSUM_TYPE_NONE	https://gspe11-ssl.ls.apple.com/tile
15	SPUTNIK_C3M	2	0	CHECKSUM_TYPE_NONE	https://gspe11-ssl.ls.apple.com/tile
16	SPUTNIK_DSM	2	0	CHECKSUM_TYPE_NONE	https://gspe11-ssl.ls.apple.com/tile
17	SPUTNIK_DSM_GLOBAL	2	0	CHECKSUM_TYPE_NONE	https://gspe11-ssl.ls.apple.com/tile
17	SPUTNIK_DSM_GLOBAL	1	1	CHECKSUM_TYPE_NONE	https://gspe11-ssl.ls.apple.com/tile
18	VECTOR_REALISTIC	2	0	CHECKSUM_TYPE_NONE	https://gspe19-ssl.ls.apple.com/tile.vf
20	VECTOR_ROADS	2	0	CHECKSUM_TYPE_NONE	https://gspe19-ssl.ls.apple.com/tile.vf?flags=32
22	VECTOR_TRAFFIC_SKELETON	2	0	CHECKSUM_TYPE_NONE	https://gspe19-ssl.ls.apple.com/tile.vf
30	VECTOR_VENUES	2	0	CHECKSUM_TYPE_NONE	https://gspe19-ssl.ls.apple.com/tile.vf?flags=32
33	RASTER_SATELLITE_NIGHT	2	1	CHECKSUM_TYPE_NONE	https://gspe11-ssl.ls.apple.com/tile
37	VECTOR_TRANSIT	2	0	CHECKSUM_TYPE_NONE	https://gspe19-ssl.ls.apple.com/tile.vf?flags=34
42	FLYOVER_C3M_MESH	2	0	CHECKSUM_TYPE_NONE	https://gspe11-ssl.ls.apple.com/tile
43	FLYOVER_C3M_JPEG_TEXTURE	2	0	CHECKSUM_TYPE_NONE	https://gspe11-ssl.ls.apple.com/tile
44	FLYOVER_C3M_ASTC_TEXTURE	2	0	CHECKSUM_TYPE_NONE	https://gspe11-ssl.ls.apple.com/tile
47	VECTOR_TRANSIT_SELECTION	2	0	CHECKSUM_TYPE_NONE	https://gspe19-ssl.ls.apple.com/tile.vf?flags=32
48	VECTOR_COVERAGE	2	0	CHECKSUM_TYPE_NONE	https://gspe19-ssl.ls.apple.com/tile.vf
52	FLYOVER_METADATA	2	0	CHECKSUM_TYPE_NONE	https://gspe11-ssl.ls.apple.com/tile
53	VECTOR_ROAD_NETWORK	2	0	CHECKSUM_TYPE_NONE	https://gspe19-ssl.ls.apple.com/tile.vf?flags=32
54	VECTOR_LAND_COVER	2	0	CHECKSUM_TYPE_NONE	https://gspe19-ssl.ls.apple.com/tile.vf
56	VECTOR_STREET_POI	2	0	CHECKSUM_TYPE_NONE	https://gspe19-ssl.ls.apple.com/tile.vf
57	MUNIN_METADATA	2	0	CHECKSUM_TYPE_NONE	https://gspe76-ssl.ls.apple.com/api/tile
58	VECTOR_SPR_MERCATOR	2	0	CHECKSUM_TYPE_NONE	https://gspe19-ssl.ls.apple.com/tile.vf
59	VECTOR_SPR_MODELS	2	0	CHECKSUM_TYPE_NONE	https://gspe19-ssl.ls.apple.com/asset/v3/model
60	VECTOR_SPR_MATERIALS	2	0	CHECKSUM_TYPE_NONE	https://gspe19-ssl.ls.apple.com/asset/v3/material
61	VECTOR_SPR_METADATA	2	0	CHECKSUM_TYPE_NONE	https://gspe19-ssl.ls.apple.com/tile.vf
62	VECTOR_TRACKS	2	0	CHECKSUM_TYPE_NONE	https://gspe19-ssl.ls.apple.com/tile.vf
64	VECTOR_STREET_LANDMARKS	2	0	CHECKSUM_TYPE_NONE	https://gspe19-ssl.ls.apple.com/tile.vf
65	COARSE_LOCATION_POLYGONS	2	0	CHECKSUM_TYPE_NONE	https://gspe79-ssl.ls.apple.com/65/v1
66	VECTOR_SPR_ROADS	2	0	CHECKSUM_TYPE_NONE	https://gspe19-ssl.ls.apple.com/tile.vf?flags=32
67	VECTOR_SPR_STANDARD	2	0	CHECKSUM_TYPE_NONE	https://gspe19-ssl.ls.apple.com/tile.vf?flags=32
68	VECTOR_POI_V2	2	0	CHECKSUM_TYPE_NONE	https://gspe19-ssl.ls.apple.com/tile.vf?flags=32
69	VECTOR_POLYGON_SELECTION	2	0	CHECKSUM_TYPE_NONE	https://gspe19-ssl.ls.apple.com/tile.vf
70	VL_METADATA	2	0	CHECKSUM_TYPE_NONE	https://gspe76-ssl.ls.apple.com/api/vltile
71	VL_DATA	2	0	CHECKSUM_TYPE_NONE	https://gspe92-ssl.ls.apple.com
72	PROACTIVE_APP_CLIP	2	0	CHECKSUM_TYPE_NONE	https://gspe79-ssl.ls.apple.com/72/v2
73	VECTOR_BUILDINGS_V2	2	0	CHECKSUM_TYPE_NONE	https://gspe19-ssl.ls.apple.com/tile.vf
74	POI_BUSYNESS	2	0	CHECKSUM_TYPE_NONE	https://gspe79-ssl.ls.apple.com/pbz/v1
76	SMART_INTERFACE_SELECTION	2	0	CHECKSUM_TYPE_NONE	https://gspe79-ssl.ls.apple.com/sis/v1
78	SPR_ASSET_METADATA	2	0	CHECKSUM_TYPE_NONE	https://gspe19-ssl.ls.apple.com/tile.vf
79	VECTOR_SPR_POLAR	2	0	CHECKSUM_TYPE_NONE	https://gspe19-ssl.ls.apple.com/tile.vf
80	SMART_DATA_MODE	2	0	CHECKSUM_TYPE_NONE	https://gspe79-ssl.ls.apple.com/sdm/v1
82	VECTOR_SPR_MODELS_OCCLUSION	2	0	CHECKSUM_TYPE_NONE	https://gspe19-ssl.ls.apple.com/asset/v3/model-occlusion
83	VECTOR_TOPOGRAPHIC	2	0	CHECKSUM_TYPE_NONE	https://gspe19-ssl.ls.apple.com/tile.vf
84	VECTOR_POI_V2_UPDATE	2	0	CHECKSUM_TYPE_NONE	https://gspe19-2-ssl.ls.apple.com/poi_update
85	VECTOR_LIVE_DATA_UPDATES	2	0	CHECKSUM_TYPE_NONE	https://gspe19-2-ssl.ls.apple.com/live_tile.vf
87	VECTOR_ROAD_SELECTION	2	0	CHECKSUM_TYPE_NONE	https://gspe19-ssl.ls.apple.com/tile.vf?flags=32
88	VECTOR_REGION_METADATA	2	0	CHECKSUM_TYPE_NONE	https://gspe19-ssl.ls.apple.com/tile.vf
89	RAY_TRACING	2	0	CHECKSUM_TYPE_NONE	https://gspe79-ssl.ls.apple.com/ray/v1
90	VECTOR_CONTOURS	2	0	CHECKSUM_TYPE_NONE	https://gspe19-ssl.ls.apple.com/tile.vf
91	RASTER_SATELLITE_POLAR	2	0	CHECKSUM_TYPE_NONE	https://gspe11-ssl.ls.apple.com/tile
92	VMAP4_ELEVATION	1	1	CHECKSUM_TYPE_NONE	https://gspe11-ssl.ls.apple.com/tile
94	CELLULAR_COVERAGE_PLMN	0	0	CHECKSUM_TYPE_NONE	https://gspe79-ssl.ls.apple.com/ccc/v1
95	RASTER_SATELLITE_POLAR_NIGHT	2	0	CHECKSUM_TYPE_NONE	https://gspe11-ssl.ls.apple.com/tile
96	BLUEPOI_MODEL	2	0	CHECKSUM_TYPE_NONE	https://gspe79-ssl-96.ls.apple.com/96/v1
97	BLUEPOI_AOI	2	0	CHECKSUM_TYPE_NONE	https://gspe79-ssl-96.ls.apple.com/96/v2
98	FLYOVER_V2_R3D	2	0	CHECKSUM_TYPE_NONE	https://gspe11-ssl.ls.apple.com/tile
99	FLYOVER_V2_DSM	2	0	CHECKSUM_TYPE_NONE	https://gspe11-ssl.ls.apple.com/tile
100	FLYOVER_V2_METADATA	2	0	CHECKSUM_TYPE_NONE	https://gspe11-ssl.ls.apple.com/tile
