stream_id	PropertyID	decoder(27)	read_as(26.1)	callers(26.1)
0	91	bool	BOOL×29	oid md::layoutElevatedPolygonMeshes<md::ElevatedPolygonRenderable>×3 | oid md::layoutElevatedPolygonMeshes<md::DaVinciGroundRenderable>×3 | oid md::PolylineOverlayStyle::layout×2 | oid md::CoastlineRenderLayer::layout×2 | oid std::__function::__func<md::VenueRenderLayer::_layoutVenueWalls×2 | oid md::COverlayRenderLayer::layoutResource×1
1	92	rgba8	geo::Color<unsigned short,4,(geo::ColorSpace)0>×3	oid md::GridLogic::runBeforeLayout×3
3	94	float	float×29	int64_t md::getRoadWidths×6 | md::RouteLineSection::halfWidthAtZoom×3 | oid md::DaVinciGroundRenderLayer::layoutRibbons×3 | oid md::RouteRenderLayer::layoutArrowsAndManeuverPoints×3 | oid md::DaVinciTrafficLayer::layout×3 | md::LabelCoreStyleGroup::update×3
6	97	float	float×35	int64_t md::getRoadWidths×6 | oid md::PolylineOverlayStyle::layout×3 | int64_t md::writeSourceConstants<md::PolygonTileData,md::Stroke1StyleProperties>×3 | int64_t md::writeSourceConstants<md::VenueTileData,md::Stroke1StyleProperties>×3 | oid md::PuckStyleInfo::update×3 | int64_t md::RouteStyleContext::RouteStyleContext×3
9	100	float	float×5	md::FontSizeInfo::update×4 | int64_t GetRoadSignMetadataForStyleQuery×1
13	104	uint32	unsigned int×14	oid md::RoadBatch::setRenderOrdersForStrokeAndFill×3 | oid md::layoutElevatedPolygonMeshes<md::ElevatedPolygonRenderable>×3 | oid md::layoutElevatedPolygonMeshes<md::DaVinciGroundRenderable>×3 | oid md::_layoutPolygonGroup<md::PolygonTileData>×1 | oid md::_layoutPolygonGroup<md::VenueTileData>×1 | int64_t md::RouteStyleContext::RouteStyleContext×1
14	105	bool	BOOL×2	int64_t md::getRoadWidths×2
15	106	uint32	unsigned int×2	oid md::RoadBatch::setRenderOrdersForStrokeAndFill×1 | oid md::DaVinciTrafficLayer::layout×1
16	107	bool	BOOL×7	int64_t md::writeSourceConstants<md::PolygonTileData,md::Stroke1StyleProperties>×1 | int64_t md::writeSourceConstants<md::VenueTileData,md::Stroke1StyleProperties>×1 | oid md::RoadStyling::update×1 | oid md::PatternedBatch::layout×1 | oid md::TrailJunctionsResource::updateWithContext×1 | oid md::layoutElevatedPolygonMeshes<md::ElevatedPolygonRenderable>×1
17	108	bool	BOOL×9	oid md::_layoutPolygonGroup<md::PolygonTileData>×2 | oid md::_layoutPolygonGroup<md::VenueTileData>×2 | oid md::RoadStyling::update×1 | oid md::PatternedBatch::layout×1 | oid md::TrailJunctionsResource::updateWithContext×1 | oid md::layoutElevatedPolygonMeshes<md::ElevatedPolygonRenderable>×1
18	109	float	float×2	int64_t GetRoadSignMetadataForStyleQuery×1 | oid md::LabelTextStyleGroup::update×1
19	110	bool	BOOL×1	oid md::LabelTextStyleGroup::update×1
20	111	bool	BOOL×1	oid md::LabelTextStyleGroup::update×1
21	112	uint32	unsigned int×2	md::LabelStyle::prepareStyleGroup<md::LabelPointStyleGroup>×1 | md::LabelStyle::prepareStyleGroup<md::LabelAnnotationStyleGroup>×1
27	117	bool	BOOL×1	oid md::LabelTextStyleGroup::update×1
29	119	float	float×2	md::FontSizeInfo::update×2
30	120	float	float×1	md::LabelStyle::prepareStyleGroup<md::LabelLineStyleGroup>×1
31	121	float	float×1	md::LabelStyle::prepareStyleGroup<md::LabelLineStyleGroup>×1
33	123	labelTextVisibility	unsigned int×4	md::LabelCoreStyleGroup::update×1 | oid md::LabelStyle::updateZoomInvariantStyles×1 | OOL std::__function::__func<md::LabelStyle::updateZoomInvariantStyles×1 | oid md::LabelStyle::prepareAlternateStyles×1
34	124	bool	BOOL×1	md::LabelStyle::prepareStyleGroup<md::LabelPointStyleGroup>×1
35	125	uint32	unsigned int×2	oid md::LabelFeature::setStyle×1 | oid md::LabelStyle::updateZoomInvariantStyles×1
38	128	bool	BOOL×2	int64_t std::__function::__func<md::LabelStyle::updateZoomInvariantStyles×1 | md::LabelStyle::prepareStyleGroup<md::LabelLineStyleGroup>×1
40	129	bool	BOOL×2	oid md::LabelStyle::updateZoomInvariantStyles×1 | md::LabelStyle::prepareStyleGroup<md::LabelLineStyleGroup>×1
41	130	float	float×1	md::LabelStyle::prepareStyleGroup<md::LabelLineStyleGroup>×1
42	131	float	float×1	md::LabelStyle::prepareStyleGroup<md::LabelLineStyleGroup>×1
43	132	int32	int×3	oid md::MapStandardLabeler::synchronizedUpdate×1 | oid md::NavLabel::layoutForStagingWithNavContext×1 | md::LabelCoreStyleGroup::update×1
44	133	int32	int×1	md::LabelStyle::prepareStyleGroup<md::LabelLineStyleGroup>×1
50	138	polygonPlacement	unsigned int×11	oid md::layoutElevatedPolygonMeshes<md::ElevatedPolygonRenderable>×3 | oid md::layoutElevatedPolygonMeshes<md::DaVinciGroundRenderable>×3 | oid md::_layoutPolygonGroup<md::PolygonTileData>×2 | oid md::_layoutPolygonGroup<md::VenueTileData>×2 | int64_t md::_commandBufferForConfiguration×1
51	139	float	float×2	oid md::CoastlineRenderLayer::layout×1 | oid std::__function::__func<md::VenueRenderLayer::_layoutVenueWalls×1
52	140	float	float×1	oid md::CoastlineRenderLayer::layout×1
54	142	float	float×3	oid md::CoastlineRenderLayer::layout×3
55	143	float	float×3	oid md::CoastlineRenderLayer::layout×3
62	150	railroadPattern	unsigned int×3	oid anonymous namespace::addContourLinesToBatches×2 | oid md::RoadLayerDataSource::buildRoadTileData×1
70	152	float	float×1	md::LabelStyle::prepareStyleGroup<md::LabelPointStyleGroup>×1
71	153	float	float×1	md::LabelStyle::prepareStyleGroup<md::LabelPointStyleGroup>×1
72	154	float	float×1	md::LabelStyle::prepareStyleGroup<md::LabelPointStyleGroup>×1
73	155	float	float×1	md::LabelStyle::prepareStyleGroup<md::LabelPointStyleGroup>×1
74	156	float	float×1	md::LabelStyle::prepareStyleGroup<md::LabelPointStyleGroup>×1
75	157	uint32	unsigned int×1	md::LabelCoreStyleGroup::update×1
76	158	float	float×1	md::LabelCoreStyleGroup::update×1
77	159	uint32	unsigned int×1	md::LabelStyle::prepareStyleGroup<md::LabelPointStyleGroup>×1
87	164	float	float×1	md::trafficWidthForSpeedAtZ×1
98	166	float	float×1	int64_t md::LabelIconStyleGroup::update×1
100	167	labelOrientation	unsigned int×1	md::LabelCoreStyleGroup::update×1
101	168	labelOrientation	unsigned int×1	md::LabelCoreStyleGroup::update×1
102	169	labelLayoutStyle	unsigned int×1	md::LabelCoreStyleGroup::update×1
103	170	labelIconStyle	unsigned int×2	int64_t md::LabelIconStyleGroup::update×1 | md::LabelCoreStyleGroup::update×1
122	186	uint32	unsigned int×1	int64_t md::LabelIconStyleGroup::update×1
123	187	fixedPoint0To1	float×1	int64_t md::LabelIconStyleGroup::update×1
125	189	shieldSize	unsigned int×1	int64_t md::LabelIconStyleGroup::update×1
126	190	uint32	unsigned int×1	int64_t md::LabelIconStyleGroup::update×1
127	191	float	float×1	md::FontSizeInfo::update×1
128	192	shieldSize	unsigned int×1	int64_t md::LabelIconStyleGroup::update×1
129	193	float	float×1	md::LabelCoreStyleGroup::update×1
130	194	fixedPoint0To1	float×9	oid md::COverlayRenderLayer::layoutResource×3 | oid md::HillshadeRenderLayer::layout×3 | int64_t md::RouteStyledOverlayBatch::StyleProperties::StyleProperties×3
159	206	bool	BOOL×1	md::LabelStyle::prepareStyleGroup<md::LabelPointStyleGroup>×1
164	207	shieldSize	unsigned int×1	int64_t md::LabelIconStyleGroup::update×1
166	209	labelTextSource	unsigned int×1	int64_t md::LabelIconStyleGroup::update×1
167	210	labelTextSource	unsigned int×2	md::LabelCoreStyleGroup::update×2
169	212	labelColorSource	unsigned int×2	int64_t md::LabelIconStyleGroup::update×1 | md::LabelStyle::prepareStyleGroup<md::LabelAnnotationStyleGroup>×1
170	213	labelColorSource	unsigned int×1	oid md::LabelTextStyleGroup::update×1
176	214	bool	BOOL×1	md::LabelCoreStyleGroup::update×1
177	215	bool	BOOL×1	md::LabelStyle::prepareStyleGroup<md::LabelPointStyleGroup>×1
178	216	bool	BOOL×1	md::LabelStyle::prepareStyleGroup<md::LabelPointStyleGroup>×1
180	218	fixedPoint0To1	float×1	int64_t md::LabelIconStyleGroup::update×1
181	219	int32	int×1	md::LabelStyle::prepareStyleGroup<md::LabelLineStyleGroup>×1
185	222	fixedPoint0To1	float×1	oid md::NavLabel::layoutForStagingWithNavContext×1
186	223	labelPositioningMode	unsigned int×1	md::LabelCoreStyleGroup::update×1
187	224	labelPosition	unsigned int×1	md::LabelCoreStyleGroup::update×1
188	225	labelPosition	unsigned int×1	md::LabelCoreStyleGroup::update×1
189	226	float	float×1	md::LabelStyle::prepareStyleGroup<md::LabelLineStyleGroup>×1
190	227	float	float×1	md::LabelStyle::prepareStyleGroup<md::LabelLineStyleGroup>×1
192	228	float	float×1	md::LabelStyle::prepareStyleGroup<md::LabelLineStyleGroup>×1
193	229	labelPositionAnchor	unsigned int×1	md::LabelStyle::prepareStyleGroup<md::LabelPointStyleGroup>×1
194	230	float	float×1	md::LabelStyle::prepareStyleGroup<md::LabelPointStyleGroup>×1
195	231	float	float×1	md::LabelStyle::prepareStyleGroup<md::LabelPointStyleGroup>×1
197	233	labelPosition	unsigned int×2	md::LabelStyle::prepareStyleGroup<md::LabelLineStyleGroup>×1 | md::LabelStyle::prepareStyleGroup<md::LabelComponentStyleGroup>×1
198	234	float	float×3	md::LabelCoreStyleGroup::update×3
199	235	int32	int×1	md::LabelCoreStyleGroup::update×1
200	236	labelCollisionOverlayGroup	unsigned int×2	oid md::MapStandardLabeler::synchronizedUpdate×1 | md::LabelCoreStyleGroup::update×1
201	237	int32	int×1	oid md::MapStandardLabeler::synchronizedUpdate×1
210	243	fixedPoint5_3	float×3	md::RouteLineSection::halfWidthAtZoom×1 | oid md::RouteRenderLayer::layoutArrowsAndManeuverPoints×1 | oid md::RouteLineArrowLayer::layout×1
211	244	float	float×3	md::RouteLineSection::halfWidthAtZoom×1 | oid md::RouteRenderLayer::layoutArrowsAndManeuverPoints×1 | oid md::RouteLineArrowLayer::layout×1
212	245	float	float×3	md::RouteLineSection::halfWidthAtZoom×1 | oid md::RouteRenderLayer::layoutArrowsAndManeuverPoints×1 | oid md::RouteLineArrowLayer::layout×1
214	246	fixedPoint0To1	float×1	oid md::PuckStyleInfo::update×1
215	247	fixedPoint0To1	float×1	oid md::PuckStyleInfo::update×1
218	250	float	float×3	oid md::PuckStyleInfo::update×3
219	251	float	float×1	oid md::PuckStyleInfo::update×1
230	262	fixedPoint5_3	float×1	md::RouteRenderLayer::layout×1
231	263	fixedPoint5_3	float×1	md::RouteRenderLayer::layout×1
232	264	float	float×2	int64_t md::TransitLine::resolveStyleIfNecessary×2
238	265	bool	BOOL×1	int64_t md::TransitLine::resolveStyleIfNecessary×1
239	266	float	float×1	oid md::LocalNorthLogic::runBeforeLayout×1
240	267	uint32	unsigned int×1	int64_t md::TransitLine::resolveStyleIfNecessary×1
243	268	bool	BOOL×1	int64_t md::TransitLine::resolveStyleIfNecessary×1
244	269	uint32	unsigned int×1	int64_t md::TransitLine::resolveStyleIfNecessary×1
246	270	float	float×1	OOL md::setupSharedStylingParameters×1
247	271	float	float×1	OOL md::setupSharedStylingParameters×1
248	272	bool	BOOL×1	md::LabelCoreStyleGroup::update×1
252	273	float	float×1	int64_t md::LabelIconStyleGroup::update×1
253	274	fixedPoint0to2_55	float×1	int64_t md::LabelIconStyleGroup::update×1
254	275	labelShieldVariant	unsigned int×1	int64_t md::LabelIconStyleGroup::update×1
255	276	fixedPoint0to2_55	float×5	oid md::RoadStyling::update×3 | int64_t md::TransitLine::resolveStyleIfNecessary×2
256	277	fixedPoint0to2_55	float×4	oid md::RoadStyling::update×3 | int64_t md::TransitLine::resolveStyleIfNecessary×1
257	278	float	float×1	OOL md::setupSharedStylingParameters×1
258	279	float	float×1	OOL md::setupSharedStylingParameters×1
259	280	float	float×1	oid generateSpecularRenderItemsForLandmarkGroup×1
260	281	float	float×1	md::LabelStyle::prepareStyleGroup<md::LabelPointStyleGroup>×1
261	282	float	float×1	md::LabelStyle::prepareStyleGroup<md::LabelPointStyleGroup>×1
262	283	float	float×1	md::LabelStyle::prepareStyleGroup<md::LabelPointStyleGroup>×1
263	284	float	float×1	md::LabelStyle::prepareStyleGroup<md::LabelAnnotationStyleGroup>×1
264	285	bool	BOOL×4	int64_t md::writeSourceConstants<md::PolygonTileData,md::Stroke2StyleProperties>×1 | int64_t md::writeSourceConstants<md::PolygonTileData,md::Stroke1StyleProperties>×1 | int64_t md::writeSourceConstants<md::VenueTileData,md::Stroke2StyleProperties>×1 | int64_t md::writeSourceConstants<md::VenueTileData,md::Stroke1StyleProperties>×1
266	287	labelColorSource	unsigned int×1	oid md::LabelTextStyleGroup::update×1
267	288	float	float×1	oid md::Label::layoutForStaging×1
268	289	float	float×1	oid md::Label::layoutForStaging×1
269	290	float	float×1	oid md::Label::layoutForStaging×1
270	291	labelEasingFunction	unsigned int×1	oid md::Label::layoutForStaging×1
271	292	float	float×1	oid md::Label::layoutForStaging×1
272	293	labelEasingFunction	unsigned int×1	oid md::Label::layoutForStaging×1
274	295	float	float×3	oid md::RoadStyling::update×3
276	297	float	float×6	oid md::RoadStyling::update×3 | oid md::TrailJunctionsResource::updateWithContext×3
278	299	fixedPoint0To1	float×3	oid generateSpecularRenderItemsForLandmarkGroup×1 | oid generateDiffuseRenderItemsForLandmarkGroup×1 | oid layoutRenderItemsForGroup×1
281	302	float	float×3	int64_t md::RoadRenderLayer::layout×3
283	304	fixedPoint12_4	float×2	int64_t GetRoadSignMetadataForStyleQuery×2
284	305	fixedPoint6_2	float×1	int64_t GetRoadSignMetadataForStyleQuery×1
285	306	fixedPoint6_2	float×1	int64_t GetRoadSignMetadataForStyleQuery×1
286	307	fixedPoint6_2	float×2	int64_t GetRoadSignMetadataForStyleQuery×1 | oid md::LabelTextStyleGroup::update×1
287	308	fixedPoint6_2	float×2	int64_t GetRoadSignMetadataForStyleQuery×1 | oid md::PatternedBatch::layout×1
288	309	fixedPoint6_2	float×1	int64_t GetRoadSignMetadataForStyleQuery×1
289	310	fixedPoint6_2	float×1	int64_t GetRoadSignMetadataForStyleQuery×1
290	311	fixedPoint0To1	float×2	oid generateSpecularRenderItemsForLandmarkGroup×1 | oid generateDiffuseRenderItemsForLandmarkGroup×1
292	313	fixedPoint6_2	float×3	int64_t md::RouteStyleContext::RouteStyleContext×3
293	314	bool	BOOL×1	md::LabelCoreStyleGroup::update×1
294	315	labelTextPlacementSource	unsigned int×1	md::LabelCoreStyleGroup::update×1
298	319	strokePosition	unsigned int×10	oid std::__function::__func<md::VenueRenderLayer::_layoutVenueWalls×2 | oid md::PolylineOverlayStyle::layout×1 | oid md::_layoutPolygonGroup<md::PolygonTileData>×1 | int64_t md::writeSourceConstants<md::PolygonTileData,md::Stroke1StyleProperties>×1 | oid md::_layoutPolygonGroup<md::VenueTileData>×1 | int64_t md::writeSourceConstants<md::VenueTileData,md::Stroke1StyleProperties>×1
299	320	fixedPoint6_2	float×9	oid std::__function::__func<md::VenueRenderLayer::_layoutVenueWalls×6 | int64_t md::RouteStyledOverlayBatch::StyleProperties::StyleProperties×3
300	321	fixedPoint12_4	float×6	oid std::__function::__func<md::VenueRenderLayer::_layoutVenueWalls×6
303	324	fixedPoint0To1	float×3	oid md::LabelTextStyleGroup::update×3
304	325	bool	BOOL×2	oid std::__function::__func<md::VenueRenderLayer::_layoutVenueWalls×2
305	326	fixedPoint5_3	float×1	int64_t md::TransitLine::resolveStyleIfNecessary×1
307	328	labelSizingMode	unsigned int×1	md::FontSizeInfo::update×1
308	329	fixedPoint12_4	float×9	oid md::_layoutPolygonGroup<md::PolygonTileData>×3 | oid md::_layoutPolygonGroup<md::VenueTileData>×3 | md::LabelCoreStyleGroup::update×3
309	330	float	float×3	oid generateSpecularRenderItemsForLandmarkGroup×1 | oid generateDiffuseRenderItemsForLandmarkGroup×1 | oid std::__function::__func<md::VenueRenderLayer::_layoutVenueWalls×1
310	331	float	float×3	oid generateSpecularRenderItemsForLandmarkGroup×1 | oid generateDiffuseRenderItemsForLandmarkGroup×1 | oid std::__function::__func<md::VenueRenderLayer::_layoutVenueWalls×1
313	334	balloonBehavior	unsigned int×1	md::LabelCoreStyleGroup::update×1
314	335	fixedPoint12_4	float×6	oid std::__function::__func<md::VenueRenderLayer::_layoutVenueWalls×6
315	336	uint32	unsigned int×1	int64_t GetRoadSignMetadataForStyleQuery×1
316	337	fixedPoint6_2	float×1	int64_t GetRoadSignMetadataForStyleQuery×1
318	339	labelTextSource	unsigned int×1	md::LabelStyle::prepareStyleGroup<md::LabelAnnotationStyleGroup>×1
321	341	transitPlacement	unsigned int×1	int64_t md::TransitLine::resolveStyleIfNecessary×1
323	343	labelMeshPositioningMode	unsigned int×2	oid md::NavLabel::layoutForStagingWithNavContext×1 | md::LabelCoreStyleGroup::update×1
324	344	labelPerspectiveScalingMode	unsigned int×1	oid md::LabelStyle::updateZoomInvariantStyles×1
325	345	fixedPoint8_8	float×3	md::LabelCoreStyleGroup::update×3
326	346	uint32	unsigned int×1	int64_t overrideValueWithStyle<×1
327	347	float	float×2	int64_t overrideValueWithStyle<×1 | md::LabelCoreStyleGroup::update×1
328	348	float	float×1	md::LabelCoreStyleGroup::update×1
330	350	fixedPoint12_4	float×2	md::LabelCoreStyleGroup::update×1 | oid md::LabelTextStyleGroup::update×1
332	352	fixedPoint12_4	float×1	int64_t GetRoadSignMetadataForStyleQuery×1
333	353	labelOccludedAppearance	unsigned int×1	md::LabelCoreStyleGroup::update×1
334	354	grlIconSizeGroup	unsigned int×1	int64_t md::LabelIconStyleGroup::update×1
335	355	fixedPoint0To1	float×1	md::LabelCoreStyleGroup::update×1
337	357	float	float×2	int64_t overrideValueWithStyle<×1 | md::LabelCoreStyleGroup::update×1
339	359	float	float×1	int64_t overrideValueWithStyle<×1
340	360	float	float×1	int64_t overrideValueWithStyle<×1
341	361	fixedPoint8_0	float×1	int64_t overrideValueWithStyle<×1
343	363	fixedPoint0To1	float×1	oid md::LabelTextStyleGroup::update×1
344	364	uint32	unsigned int×2	int64_t md::LabelIconStyleGroup::update×1 | md::LabelStyle::prepareStyleGroup<md::LabelAnnotationStyleGroup>×1
345	365	labelImageSource	unsigned int×1	md::LabelStyle::prepareStyleGroup<md::LabelAnnotationStyleGroup>×1
347	367	labelTextSource	unsigned int×1	md::LabelStyle::prepareStyleGroup<md::LabelAnnotationStyleGroup>×1
348	368	labelImageSource	unsigned int×1	md::LabelStyle::prepareStyleGroup<md::LabelAnnotationStyleGroup>×1
349	369	uint8	unsigned char×2	md::LabelStyle::prepareStyleGroup<md::LabelPointStyleGroup>×1 | md::LabelStyle::prepareStyleGroup<md::LabelAnnotationStyleGroup>×1
350	370	float	float×2	int64_t md::LabelIconStyleGroup::update×1 | md::LabelCoreStyleGroup::update×1
351	371	bool	BOOL×1	int64_t md::LabelIconStyleGroup::update×1
352	372	uint32	unsigned int×2	int64_t md::LabelIconStyleGroup::update×1 | md::LabelStyle::prepareStyleGroup<md::LabelAnnotationStyleGroup>×1
353	373	float	float×3	int64_t md::RoadRenderLayer::layout×3
354	374	labelAnnotationLayout	unsigned int×1	md::LabelStyle::prepareStyleGroup<md::LabelAnnotationStyleGroup>×1
355	375	labelAnnotationLayout	unsigned int×1	md::LabelStyle::prepareStyleGroup<md::LabelAnnotationStyleGroup>×1
356	376	labelTextSource	unsigned int×1	md::LabelStyle::prepareStyleGroup<md::LabelAnnotationStyleGroup>×1
357	377	labelImageSource	unsigned int×1	md::LabelStyle::prepareStyleGroup<md::LabelAnnotationStyleGroup>×1
358	378	labelImageSource	unsigned int×2	md::LabelStyle::prepareStyleGroup<md::LabelPointStyleGroup>×1 | oid md::LabelStyle::prepareAlternateStyles×1
366	386	bool	BOOL×1	int64_t md::LabelIconStyleGroup::update×1
367	387	fixedPoint6_2	float×1	int64_t GetRoadSignMetadataForStyleQuery×1
368	388	fixedPoint6_2	float×1	int64_t GetRoadSignMetadataForStyleQuery×1
373	393	uint8	unsigned char×1	md::LabelCoreStyleGroup::update×1
374	394	uint32	unsigned int×1	int64_t md::SceneQueryLogic::updateNavigationFlexBucketsForZoom×1
375	395	uint32	unsigned int×1	int64_t md::SceneQueryLogic::updateNavigationFlexBucketsForZoom×1
376	396	uint32	unsigned int×1	int64_t md::SceneQueryLogic::updateNavigationFlexBucketsForZoom×1
377	397	bool	BOOL×1	oid md::LabelTextStyleGroup::update×1
378	398	bool	BOOL×1	oid md::LabelTextStyleGroup::update×1
382	402	fixedPoint0to2_55	float×2	md::LabelStyle::prepareStyleGroup<md::LabelPointStyleGroup>×1 | md::LabelStyle::prepareStyleGroup<md::LabelAnnotationStyleGroup>×1
384	404	float	float×32	int64_t md::getRoadWidths×6 | oid md::PolylineOverlayStyle::layout×3 | oid md::_layoutPolygonGroup<md::PolygonTileData>×3 | int64_t md::writeSourceConstants<md::PolygonTileData,md::Stroke2StyleProperties>×3 | oid md::_layoutPolygonGroup<md::VenueTileData>×3 | int64_t md::writeSourceConstants<md::VenueTileData,md::Stroke2StyleProperties>×3
387	407	bool	BOOL×6	int64_t md::writeSourceConstants<md::PolygonTileData,md::Stroke2StyleProperties>×1 | int64_t md::writeSourceConstants<md::VenueTileData,md::Stroke2StyleProperties>×1 | oid md::PatternedBatch::layout×1 | oid md::TrailJunctionsResource::updateWithContext×1 | oid md::layoutElevatedPolygonMeshes<md::ElevatedPolygonRenderable>×1 | oid md::layoutElevatedPolygonMeshes<md::DaVinciGroundRenderable>×1
388	408	strokePosition	unsigned int×6	oid md::PolylineOverlayStyle::layout×1 | int64_t md::writeSourceConstants<md::PolygonTileData,md::Stroke2StyleProperties>×1 | int64_t md::writeSourceConstants<md::VenueTileData,md::Stroke2StyleProperties>×1 | oid md::overlayComponents::VectorOverlay::drapingStyle×1 | oid md::layoutElevatedPolygonMeshes<md::ElevatedPolygonRenderable>×1 | oid md::layoutElevatedPolygonMeshes<md::DaVinciGroundRenderable>×1
390	409	uint32	unsigned int×2	md::LabelStyle::prepareStyleGroup<md::LabelLineStyleGroup>×1 | md::LabelStyle::prepareStyleGroup<md::LabelAnnotationStyleGroup>×1
391	410	uint32	unsigned int×1	md::LabelStyle::prepareStyleGroup<md::LabelAnnotationStyleGroup>×1
392	411	labelUnitStyle	unsigned int×2	md::LabelStyle::prepareStyleGroup<md::LabelLineStyleGroup>×1 | md::LabelStyle::prepareStyleGroup<md::LabelAnnotationStyleGroup>×1
393	412	labelUnitStyle	unsigned int×1	md::LabelStyle::prepareStyleGroup<md::LabelAnnotationStyleGroup>×1
395	414	float	float×3	int64_t md::RouteStyledOverlayBatch::StyleProperties::StyleProperties×3
398	417	float	float×1	oid md::PuckStyleInfo::update×1
401	420	fillPosition	unsigned int×12	oid md::_layoutPolygonGroup<md::PolygonTileData>×2 | int64_t md::writeSourceConstants<md::PolygonTileData,md::Stroke2StyleProperties>×2 | int64_t md::writeSourceConstants<md::PolygonTileData,md::Stroke1StyleProperties>×2 | oid md::_layoutPolygonGroup<md::VenueTileData>×2 | int64_t md::writeSourceConstants<md::VenueTileData,md::Stroke2StyleProperties>×2 | int64_t md::writeSourceConstants<md::VenueTileData,md::Stroke1StyleProperties>×2
406	425	float	float×3	int64_t md::RouteStyledOverlayBatch::StyleProperties::StyleProperties×3
407	426	float	float×3	int64_t md::RouteStyledOverlayBatch::StyleProperties::StyleProperties×3
413	432	float	float×1	md::LabelStyle::prepareStyleGroup<md::LabelLineStyleGroup>×1
414	433	float	float×1	int64_t md::LabelIconStyleGroup::update×1
416	435	float	float×1	md::LabelCoreStyleGroup::update×1
417	436	float	float×1	md::LabelCoreStyleGroup::update×1
418	437	float	float×3	md::RouteLineSection::halfWidthAtZoom×3
420	439	fixedPoint8_0	float×1	oid md::LabelTextStyleGroup::update×1
422	441	float	float×1	oid md::PuckStyleInfo::update×1
423	442	float	float×3	oid md::DaVinciTrafficLayer::layout×3
424	443	float	float×1	md::LabelStyle::prepareStyleGroup<md::LabelComponentStyleGroup>×1
425	444	float	float×1	md::LabelStyle::prepareStyleGroup<md::LabelComponentStyleGroup>×1
426	445	float	float×1	md::LabelStyle::prepareStyleGroup<md::LabelComponentStyleGroup>×1
427	446	float	float×1	md::LabelCoreStyleGroup::update×1
428	447	float	float×1	md::LabelCoreStyleGroup::update×1
429	448	fixedPoint0To1	float×1	int64_t md::RouteStyleContext::RouteStyleContext×1
430	449	float	float×1	md::LabelCoreStyleGroup::update×1
431	450	float	float×1	md::LabelCoreStyleGroup::update×1
432	451	linePlacement	unsigned int×1	oid ___ZNK2md29DaVinciTrafficLayerDataSource15createLayerDataERKN3gdc19LayerDataRequestKeyERKN3geo10linear_mapItNSt3__113unordered_mapINS1_11ResourceKeyENS7_10shared_ptrINS1_8ResourceEEENS1_15ResourceKeyHashENS7_8equal_toIS9_EENS7_9allocatorINS7_4pairIKS9_SC_EEEEEENSE_ItEENSG_INSH_ItSL_EEEENS7_6vectorISN_SO_EEEEx_block_invoke×1
433	452	occlusionBehavior	unsigned int×1	oid md::PuckStyleInfo::update×1
434	453	occlusionVisibility	unsigned int×1	oid md::PuckStyleInfo::update×1
435	454	externalFeatureCategory	unsigned int×1	oid md::LabelStyle::updateZoomInvariantStyles×1
437	456	float	float×3	oid md::LightingLogic::writeLogicContext×3
438	457	fixedPoint0To1	float×3	oid md::LightingLogic::writeLogicContext×3
439	458	fixedPoint0To1	float×3	oid md::LightingLogic::writeLogicContext×3
441	460	bool	BOOL×2	int64_t std::__function::__func<md::LabelStyle::updateZoomInvariantStyles×1 | md::LabelStyle::prepareStyleGroup<md::LabelLineStyleGroup>×1
443	462	float	float×3	oid md::TrailJunctionsResource::updateWithContext×3
444	463	bool	BOOL×1	oid md::TrailJunctionsResource::updateWithContext×1
445	464	float	float×3	int64_t md::RouteStyleContext::RouteStyleContext×3
446	465	float	float×1	oid md::PatternedBatch::layout×1
447	466	float	float×6	oid md::_layoutPolygonGroup<md::PolygonTileData>×3 | oid md::_layoutPolygonGroup<md::VenueTileData>×3
448	467	strokePosition	unsigned int×2	oid md::_layoutPolygonGroup<md::PolygonTileData>×1 | oid md::_layoutPolygonGroup<md::VenueTileData>×1
449	468	maskTarget	unsigned int×1	int64_t md::_maskTarget×1
450	469	uint8	unsigned char×2	oid md::MapStandardLabeler::synchronizedUpdate×1 | md::LabelCoreStyleGroup::update×1
451	470	uint32	unsigned int×2	oid md::MapStandardLabeler::synchronizedUpdate×1 | md::LabelCoreStyleGroup::update×1
452	471	float	float×3	oid md::PolylineOverlayStyle::layout×2 | md::MaskingOverlayMeshProcessor::processPolygons×1
453	472	fixedPoint8_8	float×2	oid md::PolylineOverlayStyle::layout×2
455	474	uint8	unsigned char×1	int64_t md::LabelIconStyleGroup::update×1
456	475	fixedPoint8_8	float×2	int64_t md::LabelIconStyleGroup::update×1 | md::LabelStyle::prepareStyleGroup<md::LabelAnnotationStyleGroup>×1
457	476	fixedPoint12_4	float×1	md::LabelStyle::prepareStyleGroup<md::LabelLineStyleGroup>×1
458	477	labelPosition	unsigned int×1	md::LabelStyle::prepareStyleGroup<md::LabelLineStyleGroup>×1
459	478	fixedPoint5_3	float×1	md::FontSizeInfo::update×1
460	479	fixedPoint5_3	float×2	int64_t md::LabelIconStyleGroup::update×1 | md::LabelStyle::prepareStyleGroup<md::LabelAnnotationStyleGroup>×1
461	480	maneuverDisplayMode	unsigned int×1	md::RouteRenderLayer::layout×1
462	481	bool	BOOL×1	md::RouteRenderLayer::layout×1
463	482	float	float×3	oid md::LabelTextStyleGroup::update×2 | oid md::AccessibilityHelper::adjustedColor<×1
464	483	float	float×2	int64_t GetRoadSignMetadataForStyleQuery×1 | oid md::LabelTextStyleGroup::update×1
465	484	float	float×1	oid md::LabelTextStyleGroup::update×1
466	485	float	float×2	int64_t GetRoadSignMetadataForStyleQuery×1 | oid md::LabelTextStyleGroup::update×1
467	486	float	float×1	md::LabelStyle::prepareStyleGroup<md::LabelPointStyleGroup>×1
468	487	float	float×1	oid md::RouteLineArrowLayer::layout×1
469	488	float	float×1	oid md::RouteLineArrowLayer::layout×1
470	489	float	float×27	OOL md::setupSharedStylingParameters×6 | oid _setupSinglePassRenderItem×6 | int64_t md::RoadRenderLayer::layout×3 | oid md::AccessibilityHelper::adjustedSampledColorAtZ<×3 | oid md::DaVinciTrafficLayer::layout×3 | oid std::__function::__func<md::VenueRenderLayer::_layoutVenueWalls×3
471	490	float	float×5	oid md::AccessibilityHelper::adjustedSampledColorAtZ<×3 | oid md::AccessibilityHelper::adjustedColorAtZ<×2
472	491	float	float×1	oid md::CoastlineRenderLayer::layout×1
473	492	float	float×1	oid md::CoastlineRenderLayer::layout×1
474	493	float	float×2	int64_t GetRoadSignMetadataForStyleQuery×1 | oid std::__function::__func<md::VenueRenderLayer::_layoutOpenToBelowAreas×1
476	495	float	float×4	oid std::__function::__func<md::VenueRenderLayer::_layoutVenueWalls×3 | oid md::AccessibilityHelper::adjustedColorAtZ<×1
477	496	float	float×1	oid md::AccessibilityHelper::adjustedColorAtZ<×1
478	497	float	float×1	oid md::AccessibilityHelper::adjustedColorAtZ<×1
479	498	float	float×3	oid md::RoadStyling::update×3
480	499	float	float×3	oid md::RoadStyling::update×3
481	500	float	float×1	oid md::AccessibilityHelper::adjustedColorAtZ<×1
482	501	float	float×1	oid md::PuckStyleInfo::update×1
483	502	float	float×1	oid md::PuckStyleInfo::update×1
484	503	float	float×1	oid md::PuckStyleInfo::update×1
486	505	float	float×3	int64_t md::RouteStyleContext::RouteStyleContext×3
488	507	float	float×1	int64_t md::RouteStyleContext::RouteStyleContext×1
489	508	float	float×4	oid md::PatternedBatch::layout×4
	0	-	float×3, gm::Matrix<float,2,1>×1, unsigned int×1	oid md::CoastlineRenderLayer::layout×3 | int64_t GetRoadSignMetadataForStyleQuery×1 | int64_t gss::RenderStyle<gss::PropertyID>::sampledValueForKeyAtZ<unsigned int>×1
	1	-	float×3	oid md::CoastlineRenderLayer::layout×3
	2	-	float×3	oid std::__function::__func<md::VenueRenderLayer::_layoutVenueWalls×3
	9	-	float×4	int64_t GetRoadSignMetadataForStyleQuery×2 | md::FontSizeInfo::update×2
	47	-	float×1	loat md::trafficSecondaryWidthForSpeedAtZ×1
	48	-	float×1	md::trafficWidthForSpeedAtZ×1
	49	-	float×1	OOL md::setupSharedStylingParameters×1
	50	-	float×1	OOL md::setupSharedStylingParameters×1
	51	-	float×1	OOL md::setupSharedStylingParameters×1
	52	-	float×1	OOL md::setupSharedStylingParameters×1
	58	-	float×1	loat md::trafficSecondaryWidthForSpeedAtZ×1
	59	-	float×1	md::trafficWidthForSpeedAtZ×1
	60	-	float×1	OOL md::setupSharedStylingParameters×1
	61	-	float×1	OOL md::setupSharedStylingParameters×1
	62	-	float×1	OOL md::setupSharedStylingParameters×1
	63	-	float×1	OOL md::setupSharedStylingParameters×1
	69	-	float×1	loat md::trafficSecondaryWidthForSpeedAtZ×1
	70	-	float×1	md::trafficWidthForSpeedAtZ×1
	71	-	float×1	OOL md::setupSharedStylingParameters×1
	72	-	float×1	OOL md::setupSharedStylingParameters×1
	73	-	float×1	OOL md::setupSharedStylingParameters×1
	74	-	float×1	OOL md::setupSharedStylingParameters×1
	80	-	float×1	loat md::trafficSecondaryWidthForSpeedAtZ×1
	81	-	float×1	md::trafficWidthForSpeedAtZ×1
	82	-	float×1	OOL md::setupSharedStylingParameters×1
	83	-	float×1	OOL md::setupSharedStylingParameters×1
	84	-	float×1	OOL md::setupSharedStylingParameters×1
	85	-	float×1	OOL md::setupSharedStylingParameters×1
